{
  "methods": [
    "Semi-supervisé",
    "Supervisé classique"
  ],
  "accuracies": [
    33.33333333333333,
    75.0
  ],
  "costs": [
    17142857.14285714,
    60000000.0
  ],
  "savings": 42857142.85714286
}