{
  "project_summary": {
    "total_images": 4000000,
    "model_architecture": "ResNet50 + KMeans",
    "silhouette_score": 0.45
  },
  "performance_comparison": {
    "semi_supervised": {
      "accuracy": 0.3333333333333333,
      "precision_per_class": [
        0.5365853658536586,
        0.192090395480226
      ],
      "recall_per_class": [
        0.3157894736842105,
        0.37362637362637363
      ],
      "f1_per_class": [
        0.39759036144578314,
        0.2537313432835821
      ],
      "support": [
        209,
        91
      ]
    },
    "supervised_baseline": {
      "accuracy": 0.75,
      "precision_per_class": [
        0.8988095238095238,
        0.5606060606060606
      ],
      "recall_per_class": [
        0.722488038277512,
        0.8131868131868132
      ],
      "f1_per_class": [
        0.8010610079575596,
        0.6636771300448431
      ],
      "support": [
        209,
        91
      ]
    }
  },
  "economic_analysis": {
    "cost_supervised": 60000000.0,
    "cost_semi_supervised": 17142857.14285714,
    "savings": 42857142.85714286,
    "roi_percentage": 71.42857142857143,
    "cost_per_label": 15.0
  }
}